{"cameraMode":{"drawMode":0,"name":"Shaded","section":"Shading Mode"},"sceneLighting":false,"audioPlay":false,"sceneViewState":{"showFog":false,"showMaterialUpdate":false,"showSkybox":false,"showFlares":false,"showImageEffects":false,"showParticleSystems":false},"in2DMode":false,"pivot":{"x":761.7969360351563,"y":218.06243896484376,"z":2236.875244140625},"rotation":{"x":-0.2320949137210846,"y":0.3431526720523834,"z":-0.08791720122098923,"w":-0.9058972001075745},"size":4.550971984863281,"orthographic":false}